ds,trend,yhat_lower,yhat_upper,trend_lower,trend_upper,additive_terms,additive_terms_lower,additive_terms_upper,multiplicative_terms,multiplicative_terms_lower,multiplicative_terms_upper,yhat,Region,Category
2023-01-31,2124.614656,1943.1367664637894,2310.6601681503184,2124.614656,2124.614656,0.0,0.0,0.0,0.0,0.0,0.0,2124.614656,East,Clothing
2023-02-28,2130.853921417964,1945.7818011413424,2317.162288909904,2130.853921417964,2130.853921417964,0.0,0.0,0.0,0.0,0.0,0.0,2130.853921417964,East,Clothing
2023-03-31,2137.7616793554494,1957.8931135296411,2322.3192654516038,2137.7616793554494,2137.7616793554494,0.0,0.0,0.0,0.0,0.0,0.0,2137.7616793554494,East,Clothing
2023-04-30,2144.446606651952,1965.8535166976949,2328.3467212208693,2144.446606651952,2144.446606651952,0.0,0.0,0.0,0.0,0.0,0.0,2144.446606651952,East,Clothing
2023-05-31,2151.3543645101045,1964.045740558562,2324.5401643284135,2151.3543645101045,2151.3543645101045,0.0,0.0,0.0,0.0,0.0,0.0,2151.3543645101045,East,Clothing
2023-06-30,2158.0392916605124,1963.864111583966,2351.3342688975476,2158.0392916605124,2158.0392916605124,0.0,0.0,0.0,0.0,0.0,0.0,2158.0392916605124,East,Clothing
2023-07-31,2164.947050104266,1988.1006040447596,2353.996897872805,2164.947050104266,2164.947050104266,0.0,0.0,0.0,0.0,0.0,0.0,2164.947050104266,East,Clothing
2023-08-31,2171.8548088717675,1983.0418011179656,2358.016355291353,2171.8548088717675,2171.8548088717675,0.0,0.0,0.0,0.0,0.0,0.0,2171.8548088717675,East,Clothing
2023-09-30,2178.5397366784046,1988.7063068380937,2361.1195687484737,2178.5397366784046,2178.5397366784046,0.0,0.0,0.0,0.0,0.0,0.0,2178.5397366784046,East,Clothing
2023-10-31,2185.4474953032977,1995.302549390363,2371.8383472505534,2185.4474953032977,2185.4474953032977,0.0,0.0,0.0,0.0,0.0,0.0,2185.4474953032977,East,Clothing
2023-11-30,2192.132423004807,2009.4298715843845,2373.287061821965,2192.132423004807,2192.132423004807,0.0,0.0,0.0,0.0,0.0,0.0,2192.132423004807,East,Clothing
2023-12-31,2199.0401816297,2017.3079715742558,2363.7164806054325,2199.0401816297,2199.0401816297,0.0,0.0,0.0,0.0,0.0,0.0,2199.0401816297,East,Clothing
2024-01-31,2205.947940254593,2021.7906427145551,2393.1747763190574,2205.9479388702985,2205.947941936259,0.0,0.0,0.0,0.0,0.0,0.0,2205.947940254593,East,Clothing
2024-02-29,2212.4100370327187,2031.02114458432,2398.678221277355,2212.410032506369,2212.4100421566445,0.0,0.0,0.0,0.0,0.0,0.0,2212.4100370327187,East,Clothing
2024-03-31,2219.3177956576114,2023.1924012578788,2415.9593248706146,2219.3177863367846,2219.3178055466587,0.0,0.0,0.0,0.0,0.0,0.0,2219.3177956576114,East,Clothing
2024-04-30,2226.002723359121,2037.5740725080907,2411.79681675936,2226.002708054069,2226.0027390569694,0.0,0.0,0.0,0.0,0.0,0.0,2226.002723359121,East,Clothing
2024-05-31,2232.9104819840136,2044.7101130307162,2422.8100404090264,2232.910459643775,2232.9105040932855,0.0,0.0,0.0,0.0,0.0,0.0,2232.9104819840136,East,Clothing
2024-06-30,2239.595409685523,2050.3759188100908,2421.2455749107667,2239.595378400699,2239.595438504707,0.0,0.0,0.0,0.0,0.0,0.0,2239.595409685523,East,Clothing
2023-01-31,2245.000436,2012.5315188516977,2494.8744777744632,2245.000436,2245.000436,0.0,0.0,0.0,0.0,0.0,0.0,2245.000436,East,Electronics
2023-02-28,2214.8851979640717,1955.9911142166688,2467.1421935539884,2214.8851979640717,2214.8851979640717,0.0,0.0,0.0,0.0,0.0,0.0,2214.8851979640717,East,Electronics
2023-03-31,2181.54332726886,1936.5417793085805,2431.992086447821,2181.54332726886,2181.54332726886,0.0,0.0,0.0,0.0,0.0,0.0,2181.54332726886,East,Electronics
2023-04-30,2149.2770007990016,1895.6318421978985,2403.6963241064686,2149.2770007990016,2149.2770007990016,0.0,0.0,0.0,0.0,0.0,0.0,2149.2770007990016,East,Electronics
2023-05-31,2115.9351300966673,1877.87314094864,2355.7144721383274,2115.9351300966673,2115.9351300966673,0.0,0.0,0.0,0.0,0.0,0.0,2115.9351300966673,East,Electronics
2023-06-30,2083.6688036112587,1855.882083550295,2314.0161203710013,2083.6688036112587,2083.6688036112587,0.0,0.0,0.0,0.0,0.0,0.0,2083.6688036112587,East,Electronics
2023-07-31,2050.326932893469,1792.8860786398777,2272.429543138014,2050.326932893469,2050.326932893469,0.0,0.0,0.0,0.0,0.0,0.0,2050.326932893469,East,Electronics
2023-08-31,2016.9850621879393,1755.0139179552782,2264.57667215366,2016.9850621879393,2016.9850621879393,0.0,0.0,0.0,0.0,0.0,0.0,2016.9850621879393,East,Electronics
2023-09-30,1984.7187356798938,1736.5861917026245,2222.023042086005,1984.7187356798938,1984.7187356798938,0.0,0.0,0.0,0.0,0.0,0.0,1984.7187356798938,East,Electronics
2023-10-31,1951.3768649741064,1709.504115904089,2184.3490414614603,1951.3768649741064,1951.3768649741064,0.0,0.0,0.0,0.0,0.0,0.0,1951.3768649741064,East,Electronics
2023-11-30,1919.1105384846353,1679.2278889427866,2157.6180370173715,1919.1105384846353,1919.1105384846353,0.0,0.0,0.0,0.0,0.0,0.0,1919.1105384846353,East,Electronics
2023-12-31,1885.7686677788479,1644.93209152778,2128.8168065213736,1885.7686677788479,1885.7686677788479,0.0,0.0,0.0,0.0,0.0,0.0,1885.7686677788479,East,Electronics
2024-01-31,1852.426797073061,1594.3444909124303,2088.6988911059716,1852.4267955536293,1852.426798767528,0.0,0.0,0.0,0.0,0.0,0.0,1852.426797073061,East,Electronics
2024-02-29,1821.2360147999052,1582.1061618540834,2043.4137568865594,1821.236009748589,1821.2360200355406,0.0,0.0,0.0,0.0,0.0,0.0,1821.2360147999052,East,Electronics
2024-03-31,1787.8941440941182,1572.6134050895555,2008.9793196823534,1787.894134361005,1787.894153653229,0.0,0.0,0.0,0.0,0.0,0.0,1787.8941440941182,East,Electronics
2024-04-30,1755.6278176046467,1517.5687465852511,1970.7300753894658,1755.6278026268274,1755.6278327818206,0.0,0.0,0.0,0.0,0.0,0.0,1755.6278176046467,East,Electronics
2024-05-31,1722.2859468988595,1474.3485040937094,1963.175202807705,1722.285925414582,1722.2859679288822,0.0,0.0,0.0,0.0,0.0,0.0,1722.2859468988595,East,Electronics
2024-06-30,1690.019620409388,1449.4157847732638,1932.5134524800992,1690.0195921616062,1690.0196488972279,0.0,0.0,0.0,0.0,0.0,0.0,1690.019620409388,East,Electronics
2023-01-31,2014.0457889999998,1850.6762403297987,2163.180876099566,2014.0457889999998,2014.0457889999998,0.0,0.0,0.0,0.0,0.0,0.0,2014.0457889999998,East,Furniture
2023-02-28,2032.0912942802395,1883.58866816706,2181.4128921431834,2032.0912942802395,2032.0912942802395,0.0,0.0,0.0,0.0,0.0,0.0,2032.0912942802395,East,Furniture
2023-03-31,2052.070246493547,1894.4085340851123,2209.872111792007,2052.070246493547,2052.070246493547,0.0,0.0,0.0,0.0,0.0,0.0,2052.070246493547,East,Furniture
2023-04-30,2071.404716354858,1924.3934815720459,2229.7545486584654,2071.404716354858,2071.404716354858,0.0,0.0,0.0,0.0,0.0,0.0,2071.404716354858,East,Furniture
2023-05-31,2091.3836684878665,1928.6921801056276,2253.0295853109374,2091.3836684878665,2091.3836684878665,0.0,0.0,0.0,0.0,0.0,0.0,2091.3836684878665,East,Furniture
2023-06-30,2110.7181382601684,1967.3307024094463,2271.8113197310136,2110.7181382601684,2110.7181382601684,0.0,0.0,0.0,0.0,0.0,0.0,2110.7181382601684,East,Furniture
2023-07-31,2130.697090328635,1971.7596912694844,2287.8219275965007,2130.697090328635,2130.697090328635,0.0,0.0,0.0,0.0,0.0,0.0,2130.697090328635,East,Furniture
2023-08-31,2150.676042427832,2001.638299671401,2314.373297848532,2150.676042427832,2150.676042427832,0.0,0.0,0.0,0.0,0.0,0.0,2150.676042427832,East,Furniture
2023-09-30,2170.0105121382494,2007.0567170484142,2336.3860743248238,2170.0105121382494,2170.0105121382494,0.0,0.0,0.0,0.0,0.0,0.0,2170.0105121382494,East,Furniture
2023-10-31,2189.989464190403,2035.5297968697057,2336.658967024876,2189.989464190403,2189.989464190403,0.0,0.0,0.0,0.0,0.0,0.0,2189.989464190403,East,Furniture
2023-11-30,2209.323933918294,2058.2921790318796,2364.7037557614035,2209.323933918294,2209.323933918294,0.0,0.0,0.0,0.0,0.0,0.0,2209.323933918294,East,Furniture
2023-12-31,2229.3028859704477,2072.440815311612,2382.734078756071,2229.3028859704477,2229.3028859704477,0.0,0.0,0.0,0.0,0.0,0.0,2229.3028859704477,East,Furniture
2024-01-31,2249.2818380226017,2091.3256724512953,2406.550649221653,2249.2818368042276,2249.281839521271,0.0,0.0,0.0,0.0,0.0,0.0,2249.2818380226017,East,Furniture
2024-02-29,2267.9718254262293,2108.6847348881797,2427.757788482756,2267.971821107476,2267.971830260108,0.0,0.0,0.0,0.0,0.0,0.0,2267.9718254262293,East,Furniture
2024-03-31,2287.9507774783833,2137.6617138251318,2440.907974218436,2287.950768463644,2287.9507869083723,0.0,0.0,0.0,0.0,0.0,0.0,2287.9507774783833,East,Furniture
2024-04-30,2307.285247206274,2145.2313506518017,2465.9697817568567,2307.2852330945916,2307.285262094212,0.0,0.0,0.0,0.0,0.0,0.0,2307.285247206274,East,Furniture
2024-05-31,2327.264199258428,2170.114683043365,2488.912841128775,2327.2641787995267,2327.2642204715876,0.0,0.0,0.0,0.0,0.0,0.0,2327.264199258428,East,Furniture
2024-06-30,2346.5986689863184,2190.192395671499,2509.336267486375,2346.5986414546146,2346.598697391231,0.0,0.0,0.0,0.0,0.0,0.0,2346.5986689863184,East,Furniture
2023-01-31,1833.3841419999999,1618.0822898801066,2031.4633697034426,1833.3841419999999,1833.3841419999999,0.0,0.0,0.0,0.0,0.0,0.0,1833.3841419999999,East,Sports
2023-02-28,1861.5762267784428,1665.8439781919585,2062.921598233381,1861.5762267784428,1861.5762267784428,0.0,0.0,0.0,0.0,0.0,0.0,1861.5762267784428,East,Sports
2023-03-31,1892.788892323031,1692.549023244769,2093.625497876846,1892.788892323031,1892.788892323031,0.0,0.0,0.0,0.0,0.0,0.0,1892.788892323031,East,Sports
2023-04-30,1922.994697747705,1729.5962986598227,2131.695751831865,1922.994697747705,1922.994697747705,0.0,0.0,0.0,0.0,0.0,0.0,1922.994697747705,East,Sports
2023-05-31,1954.207363583017,1746.3578331623467,2141.60484900492,1954.207363583017,1954.207363583017,0.0,0.0,0.0,0.0,0.0,0.0,1954.207363583017,East,Sports
2023-06-30,1984.4131694777825,1781.3965989528986,2183.2358475563815,1984.4131694777825,1984.4131694777825,0.0,0.0,0.0,0.0,0.0,0.0,1984.4131694777825,East,Sports
2023-07-31,2015.6258357830327,1801.175162152652,2212.182746869127,2015.6258357830327,2015.6258357830327,0.0,0.0,0.0,0.0,0.0,0.0,2015.6258357830327,East,Sports
2023-08-31,2046.8385020583196,1850.8072041752114,2258.573530425922,2046.8385020583196,2046.8385020583196,0.0,0.0,0.0,0.0,0.0,0.0,2046.8385020583196,East,Sports
2023-09-30,2077.0443079746387,1879.3204263828848,2285.665355583731,2077.0443079746387,2077.0443079746387,0.0,0.0,0.0,0.0,0.0,0.0,2077.0443079746387,East,Sports
2023-10-31,2108.2569741323905,1913.7260470738102,2321.2535559806142,2108.2569741323905,2108.2569741323905,0.0,0.0,0.0,0.0,0.0,0.0,2108.2569741323905,East,Sports
2023-11-30,2138.462780091505,1937.610659234713,2347.8147535469348,2138.462780091505,2138.462780091505,0.0,0.0,0.0,0.0,0.0,0.0,2138.462780091505,East,Sports
2023-12-31,2169.675446249257,1959.9998270289611,2379.0568465646165,2169.675446249257,2169.675446249257,0.0,0.0,0.0,0.0,0.0,0.0,2169.675446249257,East,Sports
2024-01-31,2200.888112407009,2000.6681909088506,2400.872054999628,2200.888110946726,2200.8881140403273,0.0,0.0,0.0,0.0,0.0,0.0,2200.888112407009,East,Sports
2024-02-29,2230.0870581674862,2037.7375529103474,2451.126138928796,2230.087053441693,2230.0870636003115,0.0,0.0,0.0,0.0,0.0,0.0,2230.0870581674862,East,Sports
2024-03-31,2261.299724325238,2083.8266623621557,2468.9937213593616,2261.2997152602893,2261.2997350231253,0.0,0.0,0.0,0.0,0.0,0.0,2261.299724325238,East,Sports
2024-04-30,2291.505530284353,2096.6549275641364,2488.690106636119,2291.505516491481,2291.5055466276153,0.0,0.0,0.0,0.0,0.0,0.0,2291.505530284353,East,Sports
2024-05-31,2322.7181964421047,2128.5164438874253,2546.9162224400748,2322.7181771965384,2322.718219029514,0.0,0.0,0.0,0.0,0.0,0.0,2322.7181964421047,East,Sports
2024-06-30,2352.9240024012192,2157.3166631444105,2547.3882723971756,2352.9239776055438,2352.9240320061717,0.0,0.0,0.0,0.0,0.0,0.0,2352.9240024012192,East,Sports
2023-01-31,2046.799769,1919.9477980633244,2177.1710527522873,2046.799769,2046.799769,0.0,0.0,0.0,0.0,0.0,0.0,2046.799769,East,Toys
2023-02-28,2056.6503857652697,1927.3448568314584,2186.257344044533,2056.6503857652697,2056.6503857652697,0.0,0.0,0.0,0.0,0.0,0.0,2056.6503857652697,East,Toys
2023-03-31,2067.556425771484,1935.3608371818907,2190.387141484478,2067.556425771484,2067.556425771484,0.0,0.0,0.0,0.0,0.0,0.0,2067.556425771484,East,Toys
2023-04-30,2078.110657973025,1944.21109415809,2209.2349000563395,2078.110657973025,2078.110657973025,0.0,0.0,0.0,0.0,0.0,0.0,2078.110657973025,East,Toys
2023-05-31,2089.016697888598,1948.3424656365682,2229.980894251679,2089.016697888598,2089.016697888598,0.0,0.0,0.0,0.0,0.0,0.0,2089.016697888598,East,Toys
2023-06-30,2099.570930055138,1963.1582764700686,2229.491286928452,2099.570930055138,2099.570930055138,0.0,0.0,0.0,0.0,0.0,0.0,2099.570930055138,East,Toys
2023-07-31,2110.476969977526,1976.0781641322653,2238.6802531979624,2110.476969977526,2110.476969977526,0.0,0.0,0.0,0.0,0.0,0.0,2110.476969977526,East,Toys
2023-08-31,2121.3830099039537,1998.6770896946202,2250.4363735755073,2121.3830099039537,2121.3830099039537,0.0,0.0,0.0,0.0,0.0,0.0,2121.3830099039537,East,Toys
2023-09-30,2131.9372420165346,2007.9418588457195,2277.6240023497553,2131.9372420165346,2131.9372420165346,0.0,0.0,0.0,0.0,0.0,0.0,2131.9372420165346,East,Toys
2023-10-31,2142.8432818441065,2009.9217459418053,2281.4997083992807,2142.8432818441065,2142.8432818441065,0.0,0.0,0.0,0.0,0.0,0.0,2142.8432818441065,East,Toys
2023-11-30,2153.397513935305,2020.018612293277,2281.7163635806855,2153.397513935305,2153.397513935305,0.0,0.0,0.0,0.0,0.0,0.0,2153.397513935305,East,Toys
2023-12-31,2164.303553762877,2041.929575074264,2298.661722351387,2164.303553762877,2164.303553762877,0.0,0.0,0.0,0.0,0.0,0.0,2164.303553762877,East,Toys
2024-01-31,2175.2095935904485,2045.4593938960543,2309.04867991899,2175.209592368624,2175.209595027605,0.0,0.0,0.0,0.0,0.0,0.0,2175.2095935904485,East,Toys
2024-02-29,2185.4120179452743,2054.9368938697307,2313.3263463445064,2185.4120141212825,2185.4120225800193,0.0,0.0,0.0,0.0,0.0,0.0,2185.4120179452743,East,Toys
2024-03-31,2196.318057772846,2064.216940234252,2327.26037949254,2196.3180502780147,2196.3180665084983,0.0,0.0,0.0,0.0,0.0,0.0,2196.318057772846,East,Toys
2024-04-30,2206.8722898640444,2078.944977951379,2332.401680126577,2206.8722767944328,2206.872304008829,0.0,0.0,0.0,0.0,0.0,0.0,2206.8722898640444,East,Toys
2024-05-31,2217.7783296916164,2087.1726361764127,2348.910734287437,2217.7783109405095,2217.7783503357837,0.0,0.0,0.0,0.0,0.0,0.0,2217.7783296916164,East,Toys
2024-06-30,2228.332561782815,2096.3062138511086,2366.984882271785,2228.3325372693016,2228.3325904230683,0.0,0.0,0.0,0.0,0.0,0.0,2228.332561782815,East,Toys
2023-01-31,2112.7733160000002,1935.751854459305,2288.097411226656,2112.7733160000002,2112.7733160000002,0.0,0.0,0.0,0.0,0.0,0.0,2112.7733160000002,North,Clothing
2023-02-28,2111.611721346108,1934.5703196608506,2294.6527771222686,2111.611721346108,2111.611721346108,0.0,0.0,0.0,0.0,0.0,0.0,2111.611721346108,North,Clothing
2023-03-31,2110.325670099888,1925.414681625807,2281.5055400633373,2110.325670099888,2110.325670099888,0.0,0.0,0.0,0.0,0.0,0.0,2110.325670099888,North,Clothing
2023-04-30,2109.081104404388,1925.972028844409,2278.3991635611987,2109.081104404388,2109.081104404388,0.0,0.0,0.0,0.0,0.0,0.0,2109.081104404388,North,Clothing
2023-05-31,2107.7950532271184,1930.0869186374973,2288.082787559806,2107.7950532271184,2107.7950532271184,0.0,0.0,0.0,0.0,0.0,0.0,2107.7950532271184,North,Clothing
2023-06-30,2106.5504873957007,1922.958802750435,2280.7980994428576,2106.5504873957007,2106.5504873957007,0.0,0.0,0.0,0.0,0.0,0.0,2106.5504873957007,North,Clothing
2023-07-31,2105.2644361748007,1932.2986556640285,2282.4872751060925,2105.2644361748007,2105.2644361748007,0.0,0.0,0.0,0.0,0.0,0.0,2105.2644361748007,North,Clothing
2023-08-31,2103.9783848329894,1931.645811352082,2271.709626062646,2103.9783848329894,2103.9783848329894,0.0,0.0,0.0,0.0,0.0,0.0,2103.9783848329894,North,Clothing
2023-09-30,2102.7338189694283,1920.223821299234,2286.771426083483,2102.7338189694283,2102.7338189694283,0.0,0.0,0.0,0.0,0.0,0.0,2102.7338189694283,North,Clothing
2023-10-31,2101.447767563488,1916.6531131013478,2284.272365181446,2101.447767563488,2101.447767563488,0.0,0.0,0.0,0.0,0.0,0.0,2101.447767563488,North,Clothing
2023-11-30,2100.203201686772,1929.8160825303996,2270.249058005164,2100.203201686772,2100.203201686772,0.0,0.0,0.0,0.0,0.0,0.0,2100.203201686772,North,Clothing
2023-12-31,2098.9171502808317,1913.6976480616115,2287.012388736123,2098.9171502808317,2098.9171502808317,0.0,0.0,0.0,0.0,0.0,0.0,2098.9171502808317,North,Clothing
2024-01-31,2097.631098874892,1922.3629368467527,2270.2134579994686,2097.631097520641,2097.631100148229,0.0,0.0,0.0,0.0,0.0,0.0,2097.631098874892,North,Clothing
2024-02-29,2096.4280185273997,1911.2692300417368,2268.1667607944455,2096.4280143778687,2096.4280231778766,0.0,0.0,0.0,0.0,0.0,0.0,2096.4280185273997,North,Clothing
2024-03-31,2095.1419671214594,1918.6507035382226,2273.040971996507,2095.141958878321,2095.141976244927,0.0,0.0,0.0,0.0,0.0,0.0,2095.1419671214594,North,Clothing
2024-04-30,2093.8974012447434,1912.9021095566434,2263.661655094572,2093.8973878906386,2093.897415043475,0.0,0.0,0.0,0.0,0.0,0.0,2093.8974012447434,North,Clothing
2024-05-31,2092.611349838803,1901.2757387221561,2264.0396711138565,2092.611330166758,2092.611370274199,0.0,0.0,0.0,0.0,0.0,0.0,2092.611349838803,North,Clothing
2024-06-30,2091.366783962087,1901.8757841879717,2271.62496104819,2091.366757953759,2091.3668109548858,0.0,0.0,0.0,0.0,0.0,0.0,2091.366783962087,North,Clothing
2023-01-31,2016.751003,1800.3582442425432,2213.8144771623593,2016.751003,2016.751003,0.0,0.0,0.0,0.0,0.0,0.0,2016.751003,North,Electronics
2023-02-28,2030.9558108778444,1823.8155887915848,2249.738996599764,2030.9558108778444,2030.9558108778444,0.0,0.0,0.0,0.0,0.0,0.0,2030.9558108778444,North,Electronics
2023-03-31,2046.6825624697005,1858.3705663348012,2245.523259641038,2046.6825624697005,2046.6825624697005,0.0,0.0,0.0,0.0,0.0,0.0,2046.6825624697005,North,Electronics
2023-04-30,2061.9019996177617,1860.8245383479887,2262.6035446149517,2061.9019996177617,2061.9019996177617,0.0,0.0,0.0,0.0,0.0,0.0,2061.9019996177617,North,Electronics
2023-05-31,2077.6287513924817,1878.9067373368266,2276.4553566896907,2077.6287513924817,2077.6287513924817,0.0,0.0,0.0,0.0,0.0,0.0,2077.6287513924817,North,Electronics
2023-06-30,2092.848188994085,1878.961230827638,2291.829864379787,2092.848188994085,2092.848188994085,0.0,0.0,0.0,0.0,0.0,0.0,2092.848188994085,North,Electronics
2023-07-31,2108.574941572895,1905.4903188836006,2302.3493585779197,2108.574941572895,2108.574941572895,0.0,0.0,0.0,0.0,0.0,0.0,2108.574941572895,North,Electronics
2023-08-31,2124.30169448795,1919.6285808103773,2331.067766195822,2124.30169448795,2124.30169448795,0.0,0.0,0.0,0.0,0.0,0.0,2124.30169448795,North,Electronics
2023-09-30,2139.5211326127,1950.2999191496342,2347.6798893650102,2139.5211326127,2139.5211326127,0.0,0.0,0.0,0.0,0.0,0.0,2139.5211326127,North,Electronics
2023-10-31,2155.247885640328,1956.7758285223442,2370.8293581213093,2155.247885640328,2155.247885640328,0.0,0.0,0.0,0.0,0.0,0.0,2155.247885640328,North,Electronics
2023-11-30,2170.4673240541624,1943.5790976179292,2381.8374048975215,2170.4673240541624,2170.4673240541624,0.0,0.0,0.0,0.0,0.0,0.0,2170.4673240541624,North,Electronics
2023-12-31,2186.194077081791,1993.5287158473786,2378.651475340865,2186.194077081791,2186.194077081791,0.0,0.0,0.0,0.0,0.0,0.0,2186.194077081791,North,Electronics
2024-01-31,2201.9208301094195,2007.534189792762,2419.9890800062426,2201.9208286383423,2201.9208316514787,0.0,0.0,0.0,0.0,0.0,0.0,2201.9208301094195,North,Electronics
2024-02-29,2216.6329539094586,2016.9465209817963,2420.878071347372,2216.6329489613263,2216.6329587877617,0.0,0.0,0.0,0.0,0.0,0.0,2216.6329539094586,North,Electronics
2024-03-31,2232.3597069370876,2032.0148718437042,2439.642493348635,2232.3596977997317,2232.3597162761193,0.0,0.0,0.0,0.0,0.0,0.0,2232.3597069370876,North,Electronics
2024-04-30,2247.5791453509214,2053.1322432603383,2469.008672860037,2247.5791313893797,2247.579159333825,0.0,0.0,0.0,0.0,0.0,0.0,2247.5791453509214,North,Electronics
2024-05-31,2263.30589837855,2059.8291096995167,2464.8956061585495,2263.305878917918,2263.305919046053,0.0,0.0,0.0,0.0,0.0,0.0,2263.30589837855,North,Electronics
2024-06-30,2278.5253367923838,2073.4090197467544,2480.435409813467,2278.5253111624193,2278.525364581709,0.0,0.0,0.0,0.0,0.0,0.0,2278.5253367923838,North,Electronics
2023-01-31,1958.555334,1730.863476114909,2207.1673577363026,1958.555334,1958.555334,0.0,0.0,0.0,0.0,0.0,0.0,1958.555334,North,Furniture
2023-02-28,1969.196616014371,1731.3565159300133,2202.344670580526,1969.196616014371,1969.196616014371,0.0,0.0,0.0,0.0,0.0,0.0,1969.196616014371,North,Furniture
2023-03-31,1980.9780353591896,1743.8648556055264,2232.232196514364,1980.9780353591896,1980.9780353591896,0.0,0.0,0.0,0.0,0.0,0.0,1980.9780353591896,North,Furniture
2023-04-30,1992.3794088870316,1751.5856233040029,2237.4869407789224,1992.3794088870316,1992.3794088870316,0.0,0.0,0.0,0.0,0.0,0.0,1992.3794088870316,North,Furniture
2023-05-31,2004.1608283761352,1756.6553507387769,2253.643695614631,2004.1608283761352,2004.1608283761352,0.0,0.0,0.0,0.0,0.0,0.0,2004.1608283761352,North,Furniture
2023-06-30,2015.5622021147854,1774.804119324406,2252.0417491827857,2015.5622021147854,2015.5622021147854,0.0,0.0,0.0,0.0,0.0,0.0,2015.5622021147854,North,Furniture
2023-07-31,2027.343621708265,1766.9369782756967,2260.002672973821,2027.343621708265,2027.343621708265,0.0,0.0,0.0,0.0,0.0,0.0,2027.343621708265,North,Furniture
2023-08-31,2039.1250412267839,1790.3882939751984,2264.205253338804,2039.1250412267839,2039.1250412267839,0.0,0.0,0.0,0.0,0.0,0.0,2039.1250412267839,North,Furniture
2023-09-30,2050.5264147984835,1790.4478339745488,2295.16100410368,2050.5264147984835,2050.5264147984835,0.0,0.0,0.0,0.0,0.0,0.0,2050.5264147984835,North,Furniture
2023-10-31,2062.3078339833996,1825.274274358591,2309.573172669907,2062.3078339833996,2062.3078339833996,0.0,0.0,0.0,0.0,0.0,0.0,2062.3078339833996,North,Furniture
2023-11-30,2073.7092073881568,1836.4151717219231,2311.033750220272,2073.7092073881568,2073.7092073881568,0.0,0.0,0.0,0.0,0.0,0.0,2073.7092073881568,North,Furniture
2023-12-31,2085.490626573073,1821.2215087792845,2331.516865141755,2085.490626573073,2085.490626573073,0.0,0.0,0.0,0.0,0.0,0.0,2085.490626573073,North,Furniture
2024-01-31,2097.272045757989,1840.791563080924,2354.226196927402,2097.2720445823684,2097.272047310669,0.0,0.0,0.0,0.0,0.0,0.0,2097.272045757989,North,Furniture
2024-02-29,2108.2933733825876,1856.2996292323112,2340.7032755242194,2108.293369235021,2108.293378216774,0.0,0.0,0.0,0.0,0.0,0.0,2108.2933733825876,North,Furniture
2024-03-31,2120.0747925675037,1882.6661472941148,2363.621153500146,2120.0747840922845,2120.0748021140075,0.0,0.0,0.0,0.0,0.0,0.0,2120.0747925675037,North,Furniture
2024-04-30,2131.4761659722612,1897.9258019168403,2382.5834936034344,2131.4761522394315,2131.4761802292182,0.0,0.0,0.0,0.0,0.0,0.0,2131.4761659722612,North,Furniture
2024-05-31,2143.257585157177,1887.1476410232865,2362.732416272612,2143.257565523936,2143.257605500497,0.0,0.0,0.0,0.0,0.0,0.0,2143.257585157177,North,Furniture
2024-06-30,2154.6589585619345,1896.516277270566,2414.437136972632,2154.658932590849,2154.6589860692507,0.0,0.0,0.0,0.0,0.0,0.0,2154.6589585619345,North,Furniture
2023-01-31,2001.73281,1864.842293139959,2135.3261227641997,2001.73281,2001.73281,0.0,0.0,0.0,0.0,0.0,0.0,2001.73281,North,Sports
2023-02-28,2018.465952035928,1886.9365218504174,2168.0703655171646,2018.465952035928,2018.465952035928,0.0,0.0,0.0,0.0,0.0,0.0,2018.465952035928,North,Sports
2023-03-31,2036.9919307222044,1898.784446844848,2176.755344323034,2036.9919307222044,2036.9919307222044,0.0,0.0,0.0,0.0,0.0,0.0,2036.9919307222044,North,Sports
2023-04-30,2054.920297191004,1923.6537204672998,2194.1281297033674,2054.920297191004,2054.920297191004,0.0,0.0,0.0,0.0,0.0,0.0,2054.920297191004,North,Sports
2023-05-31,2073.4462759462504,1929.8976353547846,2205.1695751555812,2073.4462759462504,2073.4462759462504,0.0,0.0,0.0,0.0,0.0,0.0,2073.4462759462504,North,Sports
2023-06-30,2091.374642478056,1957.6325104311409,2221.9531664852598,2091.374642478056,2091.374642478056,0.0,0.0,0.0,0.0,0.0,0.0,2091.374642478056,North,Sports
2023-07-31,2109.9006212638046,1977.393989743741,2247.489657621546,2109.9006212638046,2109.9006212638046,0.0,0.0,0.0,0.0,0.0,0.0,2109.9006212638046,North,Sports
2023-08-31,2128.4266001305186,2002.114488857216,2257.87678937012,2128.4266001305186,2128.4266001305186,0.0,0.0,0.0,0.0,0.0,0.0,2128.4266001305186,North,Sports
2023-09-30,2146.354966802945,2010.8360257386578,2285.729623988528,2146.354966802945,2146.354966802945,0.0,0.0,0.0,0.0,0.0,0.0,2146.354966802945,North,Sports
2023-10-31,2164.8809457763996,2026.0239611641946,2301.7181525032056,2164.8809457763996,2164.8809457763996,0.0,0.0,0.0,0.0,0.0,0.0,2164.8809457763996,North,Sports
2023-11-30,2182.8093125249047,2051.8081866054213,2323.490794461874,2182.8093125249047,2182.8093125249047,0.0,0.0,0.0,0.0,0.0,0.0,2182.8093125249047,North,Sports
2023-12-31,2201.3352914983593,2062.6008968471674,2340.867403640476,2201.3352914983593,2201.3352914983593,0.0,0.0,0.0,0.0,0.0,0.0,2201.3352914983593,North,Sports
2024-01-31,2219.8612704718144,2079.7812133222096,2358.0645265147755,2219.8612691354256,2219.861271922213,0.0,0.0,0.0,0.0,0.0,0.0,2219.8612704718144,North,Sports
2024-02-29,2237.192024995369,2098.3135148613655,2367.8438351712193,2237.192020365066,2237.1920299841518,0.0,0.0,0.0,0.0,0.0,0.0,2237.192024995369,North,Sports
2024-03-31,2255.7180039688237,2117.2474343980616,2391.2527697618953,2255.7179950230798,2255.7180127943393,0.0,0.0,0.0,0.0,0.0,0.0,2255.7180039688237,North,Sports
2024-04-30,2273.646370717329,2129.0930670921684,2409.7437469062106,2273.646356621639,2273.646383626311,0.0,0.0,0.0,0.0,0.0,0.0,2273.646370717329,North,Sports
2024-05-31,2292.1723496907834,2149.823177860436,2426.833371019138,2292.1723301902916,2292.1723680108125,0.0,0.0,0.0,0.0,0.0,0.0,2292.1723496907834,North,Sports
2024-06-30,2310.100716439288,2174.0752428766878,2441.0564035860302,2310.1006906115017,2310.100740752033,0.0,0.0,0.0,0.0,0.0,0.0,2310.100716439288,North,Sports
2023-01-31,1934.155597,1793.5424345924678,2080.636913650024,1934.155597,1934.155597,0.0,0.0,0.0,0.0,0.0,0.0,1934.155597,North,Toys
2023-02-28,1956.4443056347307,1801.7006243740939,2104.985785711033,1956.4443056347307,1956.4443056347307,0.0,0.0,0.0,0.0,0.0,0.0,1956.4443056347307,North,Toys
2023-03-31,1981.1210878756585,1839.450171015975,2124.8399623190744,1981.1210878756585,1981.1210878756585,0.0,0.0,0.0,0.0,0.0,0.0,1981.1210878756585,North,Toys
2023-04-30,2005.0018424177433,1854.8747079129803,2152.0110613004776,2005.0018424177433,2005.0018424177433,0.0,0.0,0.0,0.0,0.0,0.0,2005.0018424177433,North,Toys
2023-05-31,2029.6786199340913,1885.8249448025563,2175.781248312522,2029.6786199340913,2029.6786199340913,0.0,0.0,0.0,0.0,0.0,0.0,2029.6786199340913,North,Toys
2023-06-30,2053.559372519226,1903.8583313608985,2199.4642807851246,2053.559372519226,2053.559372519226,0.0,0.0,0.0,0.0,0.0,0.0,2053.559372519226,North,Toys
2023-07-31,2078.236095400248,1936.205120289683,2240.158389694555,2078.236095400248,2078.236095400248,0.0,0.0,0.0,0.0,0.0,0.0,2078.236095400248,North,Toys
2023-08-31,2102.9126534360726,1945.261370339477,2259.1223365267106,2102.9126534360726,2102.9126534360726,0.0,0.0,0.0,0.0,0.0,0.0,2102.9126534360726,North,Toys
2023-09-30,2126.7929854621775,1982.7845015909177,2275.1031670461925,2126.7929854621775,2126.7929854621775,0.0,0.0,0.0,0.0,0.0,0.0,2126.7929854621775,North,Toys
2023-10-31,2151.4693252277916,1994.275967582805,2298.423740547804,2151.4693252277916,2151.4693252277916,0.0,0.0,0.0,0.0,0.0,0.0,2151.4693252277916,North,Toys
2023-11-30,2175.349654033225,2015.6711089308244,2332.7318104097417,2175.349654033225,2175.349654033225,0.0,0.0,0.0,0.0,0.0,0.0,2175.349654033225,North,Toys
2023-12-31,2200.025993798839,2050.490318742137,2352.224087417381,2200.025993798839,2200.025993798839,0.0,0.0,0.0,0.0,0.0,0.0,2200.025993798839,North,Toys
2024-01-31,2224.702333564453,2086.793070527737,2380.5493139170203,2224.7022974205297,2224.702366941804,0.0,0.0,0.0,0.0,0.0,0.0,2224.702333564453,North,Toys
2024-02-29,2247.7866514097054,2108.7521078466357,2402.571906983296,2247.786536185921,2247.786758879627,0.0,0.0,0.0,0.0,0.0,0.0,2247.7866514097054,North,Toys
2024-03-31,2272.462991175319,2130.6384512602813,2421.5726820851155,2272.4627658610816,2272.4631963653587,0.0,0.0,0.0,0.0,0.0,0.0,2272.462991175319,North,Toys
2024-04-30,2296.3433199807523,2157.0030204623795,2436.582581564459,2296.342961758715,2296.343655528952,0.0,0.0,0.0,0.0,0.0,0.0,2296.3433199807523,North,Toys
2024-05-31,2321.0196597463664,2174.451473909198,2472.909188041152,2321.0191480244566,2321.0201484325494,0.0,0.0,0.0,0.0,0.0,0.0,2321.0196597463664,North,Toys
2024-06-30,2344.8999885517997,2197.778066555352,2502.347685225495,2344.8993253751682,2344.900642526798,0.0,0.0,0.0,0.0,0.0,0.0,2344.8999885517997,North,Toys
2023-01-31,2047.045341,1754.641426037907,2369.6599403699383,2047.045341,2047.045341,0.0,0.0,0.0,0.0,0.0,0.0,2047.045341,South,Clothing
2023-02-28,2051.827586823952,1722.3654828494077,2382.5800392225888,2051.827586823952,2051.827586823952,0.0,0.0,0.0,0.0,0.0,0.0,2051.827586823952,South,Clothing
2023-03-31,2057.122216140031,1763.2594689255995,2370.3609449545206,2057.122216140031,2057.122216140031,0.0,0.0,0.0,0.0,0.0,0.0,2057.122216140031,South,Clothing
2023-04-30,2062.246050981268,1769.864286378199,2357.6968289638125,2062.246050981268,2062.246050981268,0.0,0.0,0.0,0.0,0.0,0.0,2062.246050981268,South,Clothing
2023-05-31,2067.54068031696,1773.8686359017331,2351.8111687133846,2067.54068031696,2067.54068031696,0.0,0.0,0.0,0.0,0.0,0.0,2067.54068031696,South,Clothing
2023-06-30,2072.6645151464104,1771.5585501868204,2387.781005594215,2072.6645151464104,2072.6645151464104,0.0,0.0,0.0,0.0,0.0,0.0,2072.6645151464104,South,Clothing
2023-07-31,2077.9591444703565,1781.6095190452409,2376.0979398105087,2077.9591444703565,2077.9591444703565,0.0,0.0,0.0,0.0,0.0,0.0,2077.9591444703565,South,Clothing
2023-08-31,2083.253773790443,1768.7508645677635,2377.601264887936,2083.253773790443,2083.253773790443,0.0,0.0,0.0,0.0,0.0,0.0,2083.253773790443,South,Clothing
2023-09-30,2088.3776086135085,1761.4230559383714,2386.2169736377887,2088.3776086135085,2088.3776086135085,0.0,0.0,0.0,0.0,0.0,0.0,2088.3776086135085,South,Clothing
2023-10-31,2093.672237918718,1790.4918534749522,2397.2845523004526,2093.672237918718,2093.672237918718,0.0,0.0,0.0,0.0,0.0,0.0,2093.672237918718,South,Clothing
2023-11-30,2098.796072730211,1799.4868171085488,2405.2586182108894,2098.796072730211,2098.796072730211,0.0,0.0,0.0,0.0,0.0,0.0,2098.796072730211,South,Clothing
2023-12-31,2104.090702035421,1808.542072485775,2395.943978214054,2104.090702035421,2104.090702035421,0.0,0.0,0.0,0.0,0.0,0.0,2104.090702035421,South,Clothing
2024-01-31,2109.3853313406307,1810.953439177717,2425.700662928575,2109.385329922607,2109.3853327896213,0.0,0.0,0.0,0.0,0.0,0.0,2109.3853313406307,South,Clothing
2024-02-29,2114.3383716584076,1818.541232530741,2420.1858309705663,2114.3383671683073,2114.3383766593147,0.0,0.0,0.0,0.0,0.0,0.0,2114.3383716584076,South,Clothing
2024-03-31,2119.6330009636176,1831.980319955086,2429.2047252912907,2119.6329919060117,2119.6330100787613,0.0,0.0,0.0,0.0,0.0,0.0,2119.6330009636176,South,Clothing
2024-04-30,2124.756835775111,1823.7058687309159,2435.461841705215,2124.7568220162934,2124.7568499266517,0.0,0.0,0.0,0.0,0.0,0.0,2124.756835775111,South,Clothing
2024-05-31,2130.0514650803207,1828.493153317506,2431.0149294206312,2130.051446103487,2130.0514859072555,0.0,0.0,0.0,0.0,0.0,0.0,2130.0514650803207,South,Clothing
2024-06-30,2135.175299891814,1822.5956886934605,2431.4177354967233,2135.175274566993,2135.1753267701224,0.0,0.0,0.0,0.0,0.0,0.0,2135.175299891814,South,Clothing
2023-01-31,1969.88418,1757.603675476322,2163.145314286933,1969.88418,1969.88418,0.0,0.0,0.0,0.0,0.0,0.0,1969.88418,South,Electronics
2023-02-28,1979.1800008502994,1766.1090041972054,2178.495674018567,1979.1800008502994,1979.1800008502994,0.0,0.0,0.0,0.0,0.0,0.0,1979.1800008502994,South,Electronics
2023-03-31,1989.471802513412,1777.8387509675963,2184.5334200477982,1989.471802513412,1989.471802513412,0.0,0.0,0.0,0.0,0.0,0.0,1989.471802513412,South,Electronics
2023-04-30,1999.4316105126532,1809.0376362958787,2189.4947808693755,1999.4316105126532,1999.4316105126532,0.0,0.0,0.0,0.0,0.0,0.0,1999.4316105126532,South,Electronics
2023-05-31,2009.7234120353478,1814.6657270204114,2220.3104727247,2009.7234120353478,2009.7234120353478,0.0,0.0,0.0,0.0,0.0,0.0,2009.7234120353478,South,Electronics
2023-06-30,2019.6832199839882,1823.9150394182295,2231.312019464569,2019.6832199839882,2019.6832199839882,0.0,0.0,0.0,0.0,0.0,0.0,2019.6832199839882,South,Electronics
2023-07-31,2029.9750215416268,1826.894573582231,2239.1791712617455,2029.9750215416268,2029.9750215416268,0.0,0.0,0.0,0.0,0.0,0.0,2029.9750215416268,South,Electronics
2023-08-31,2040.2668230904294,1839.2720999317507,2233.0859822661755,2040.2668230904294,2040.2668230904294,0.0,0.0,0.0,0.0,0.0,0.0,2040.2668230904294,South,Electronics
2023-09-30,2050.2266299151324,1851.9128455443058,2253.3774478917794,2050.2266299151324,2050.2266299151324,0.0,0.0,0.0,0.0,0.0,0.0,2050.2266299151324,South,Electronics
2023-10-31,2060.5184303433634,1852.851788704645,2259.581548175066,2060.5184303433634,2060.5184303433634,0.0,0.0,0.0,0.0,0.0,0.0,2060.5184303433634,South,Electronics
2023-11-30,2070.4782372093932,1871.0215733537564,2276.465279568325,2070.4782372093932,2070.4782372093932,0.0,0.0,0.0,0.0,0.0,0.0,2070.4782372093932,South,Electronics
2023-12-31,2080.7700376376242,1873.732094096213,2288.4237783604253,2080.7700376376242,2080.7700376376242,0.0,0.0,0.0,0.0,0.0,0.0,2080.7700376376242,South,Electronics
2024-01-31,2091.061838065855,1894.1003244755846,2290.9789121491926,2091.0618365802957,2091.061839769995,0.0,0.0,0.0,0.0,0.0,0.0,2091.061838065855,South,Electronics
2024-02-29,2100.689651369684,1884.5447253514162,2295.990442937179,2100.6896464232136,2100.689656553699,0.0,0.0,0.0,0.0,0.0,0.0,2100.689651369684,South,Electronics
2024-03-31,2110.981451797915,1908.9512345254682,2292.328300403542,2110.981442096374,2110.9814618922824,0.0,0.0,0.0,0.0,0.0,0.0,2110.981451797915,South,Electronics
2024-04-30,2120.941258663945,1913.1738512177933,2326.0922769599683,2120.941243088795,2120.94127413273,0.0,0.0,0.0,0.0,0.0,0.0,2120.941258663945,South,Electronics
2024-05-31,2131.2330590921756,1932.2701642639706,2339.9530166485283,2131.2330369069073,2131.2330815159603,0.0,0.0,0.0,0.0,0.0,0.0,2131.2330590921756,South,Electronics
2024-06-30,2141.192865958206,1931.4830880630152,2357.4211397209256,2141.1928354839374,2141.1928957320592,0.0,0.0,0.0,0.0,0.0,0.0,2141.192865958206,South,Electronics
2023-01-31,2190.635361,2028.604490104275,2361.8085104012935,2190.635361,2190.635361,0.0,0.0,0.0,0.0,0.0,0.0,2190.635361,South,Furniture
2023-02-28,2175.0993693592814,1994.6775530849395,2352.938453218828,2175.0993693592814,2175.0993693592814,0.0,0.0,0.0,0.0,0.0,0.0,2175.0993693592814,South,Furniture
2023-03-31,2157.898807352055,1981.872591917291,2323.949117247128,2157.898807352055,2157.898807352055,0.0,0.0,0.0,0.0,0.0,0.0,2157.898807352055,South,Furniture
2023-04-30,2141.2531019053868,1966.703638099041,2314.398981399609,2141.2531019053868,2141.2531019053868,0.0,0.0,0.0,0.0,0.0,0.0,2141.2531019053868,South,Furniture
2023-05-31,2124.052539431608,1962.1764431396487,2290.616094484053,2124.052539431608,2124.052539431608,0.0,0.0,0.0,0.0,0.0,0.0,2124.052539431608,South,Furniture
2023-06-30,2107.4068339578694,1930.4525499009578,2273.4707762689904,2107.4068339578694,2107.4068339578694,0.0,0.0,0.0,0.0,0.0,0.0,2107.4068339578694,South,Furniture
2023-07-31,2090.2062718308257,1929.9453265429684,2259.2401797597977,2090.2062718308257,2090.2062718308257,0.0,0.0,0.0,0.0,0.0,0.0,2090.2062718308257,South,Furniture
2023-08-31,2073.005710293439,1914.2401467611571,2240.2182390307553,2073.005710293439,2073.005710293439,0.0,0.0,0.0,0.0,0.0,0.0,2073.005710293439,South,Furniture
2023-09-30,2056.360005571497,1880.983776948285,2224.1710167082615,2056.360005571497,2056.360005571497,0.0,0.0,0.0,0.0,0.0,0.0,2056.360005571497,South,Furniture
2023-10-31,2039.1594438417735,1868.987671316944,2209.5132992839103,2039.1594438417735,2039.1594438417735,0.0,0.0,0.0,0.0,0.0,0.0,2039.1594438417735,South,Furniture
2023-11-30,2022.5137389420413,1851.1051613142345,2179.2224654981455,2022.5137389420413,2022.5137389420413,0.0,0.0,0.0,0.0,0.0,0.0,2022.5137389420413,South,Furniture
2023-12-31,2005.3131772123181,1839.4454071621744,2171.770829075322,2005.3131772123181,2005.3131772123181,0.0,0.0,0.0,0.0,0.0,0.0,2005.3131772123181,South,Furniture
2024-01-31,1988.1126154825947,1821.2698850036347,2159.6567484724233,1988.1126141405914,1988.1126169389909,0.0,0.0,0.0,0.0,0.0,0.0,1988.1126154825947,South,Furniture
2024-02-29,1972.021767412854,1809.0455374557625,2131.937535441395,1972.0217628251892,1972.0217720510961,0.0,0.0,0.0,0.0,0.0,0.0,1972.021767412854,South,Furniture
2024-03-31,1954.8212056831305,1793.3054040448546,2125.9428149257433,1954.8211970212715,1954.821214954178,0.0,0.0,0.0,0.0,0.0,0.0,1954.8212056831305,South,Furniture
2024-04-30,1938.1755007833983,1775.2243772330617,2098.0533085537477,1938.1754865846558,1938.1755146157634,0.0,0.0,0.0,0.0,0.0,0.0,1938.1755007833983,South,Furniture
2024-05-31,1920.9749390536751,1744.9805585691884,2084.0560018044457,1920.9749184653504,1920.9749597739726,0.0,0.0,0.0,0.0,0.0,0.0,1920.9749390536751,South,Furniture
2024-06-30,1904.329234153943,1733.379960358876,2068.8811715330794,1904.3292069895995,1904.3292620218308,0.0,0.0,0.0,0.0,0.0,0.0,1904.329234153943,South,Furniture
2023-01-31,2105.453952,1839.3162754593463,2356.9324065101314,2105.453952,2105.453952,0.0,0.0,0.0,0.0,0.0,0.0,2105.453952,South,Sports
2023-02-28,2094.090302026347,1847.1318826727154,2328.315472912831,2094.090302026347,2094.090302026347,0.0,0.0,0.0,0.0,0.0,0.0,2094.090302026347,South,Sports
2023-03-31,2081.509118449929,1833.3814556288696,2301.4209983587243,2081.509118449929,2081.509118449929,0.0,0.0,0.0,0.0,0.0,0.0,2081.509118449929,South,Sports
2023-04-30,2069.3337793982914,1821.770445274649,2314.4994087774585,2069.3337793982914,2069.3337793982914,0.0,0.0,0.0,0.0,0.0,0.0,2069.3337793982914,South,Sports
2023-05-31,2056.752595361296,1803.8202028616893,2317.235635412857,2056.752595361296,2056.752595361296,0.0,0.0,0.0,0.0,0.0,0.0,2056.752595361296,South,Sports
2023-06-30,2044.577256067541,1795.5341443201296,2305.3768414518604,2044.577256067541,2044.577256067541,0.0,0.0,0.0,0.0,0.0,0.0,2044.577256067541,South,Sports
2023-07-31,2031.9960719547278,1780.4854945326165,2284.7607658806814,2031.9960719547278,2031.9960719547278,0.0,0.0,0.0,0.0,0.0,0.0,2031.9960719547278,South,Sports
2023-08-31,2019.4148879788056,1765.6008315155336,2263.7308358928317,2019.4148879788056,2019.4148879788056,0.0,0.0,0.0,0.0,0.0,0.0,2019.4148879788056,South,Sports
2023-09-30,2007.2395484785145,1760.351233699653,2246.4024687145725,2007.2395484785145,2007.2395484785145,0.0,0.0,0.0,0.0,0.0,0.0,2007.2395484785145,South,Sports
2023-10-31,1994.6583642591481,1734.796544188387,2227.7411233644866,1994.6583642591481,1994.6583642591481,0.0,0.0,0.0,0.0,0.0,0.0,1994.6583642591481,South,Sports
2023-11-30,1982.4830246920192,1759.3546160420913,2234.3340579328915,1982.4830246920192,1982.4830246920192,0.0,0.0,0.0,0.0,0.0,0.0,1982.4830246920192,South,Sports
2023-12-31,1969.901840472653,1700.1909384441187,2234.394243771149,1969.901840472653,1969.901840472653,0.0,0.0,0.0,0.0,0.0,0.0,1969.901840472653,South,Sports
2024-01-31,1957.3206562532866,1688.9111215514724,2209.911676205507,1957.3206549897395,1957.3206578882157,0.0,0.0,0.0,0.0,0.0,0.0,1957.3206562532866,South,Sports
2024-02-29,1945.5511613383956,1684.9762908419732,2180.8341848591476,1945.5511574402021,1945.5511662217637,0.0,0.0,0.0,0.0,0.0,0.0,1945.5511613383956,South,Sports
2024-03-31,1932.9699771190294,1690.328204624955,2200.2912046998417,1932.9699684618465,1932.9699865581395,0.0,0.0,0.0,0.0,0.0,0.0,1932.9699771190294,South,Sports
2024-04-30,1920.7946375519007,1693.2427609921167,2163.7153585710194,1920.7946237971955,1920.7946526155954,0.0,0.0,0.0,0.0,0.0,0.0,1920.7946375519007,South,Sports
2024-05-31,1908.2134533325343,1656.4991298102334,2152.355528715784,1908.2134337617604,1908.2134747600373,0.0,0.0,0.0,0.0,0.0,0.0,1908.2134533325343,South,Sports
2024-06-30,1896.0381137654053,1645.291578034604,2149.542716425787,1896.0380871967657,1896.0381413374275,0.0,0.0,0.0,0.0,0.0,0.0,1896.0381137654053,South,Sports
2023-01-31,2066.005513,1896.8353473187387,2248.945257326994,2066.005513,2066.005513,0.0,0.0,0.0,0.0,0.0,0.0,2066.005513,South,Toys
2023-02-28,2064.374592203952,1897.4275750001668,2237.020807128136,2064.374592203952,2064.374592203952,0.0,0.0,0.0,0.0,0.0,0.0,2064.374592203952,South,Toys
2023-03-31,2062.56893039712,1890.487920696675,2240.6124289760037,2062.56893039712,2062.56893039712,0.0,0.0,0.0,0.0,0.0,0.0,2062.56893039712,South,Toys
2023-04-30,2060.821516120632,1889.6784954570758,2236.4584678104384,2060.821516120632,2060.821516120632,0.0,0.0,0.0,0.0,0.0,0.0,2060.821516120632,South,Toys
2023-05-31,2059.015854969499,1884.0136524177608,2229.47023050811,2059.015854969499,2059.015854969499,0.0,0.0,0.0,0.0,0.0,0.0,2059.015854969499,South,Toys
2023-06-30,2057.268440775562,1884.246666131597,2224.4672957333187,2057.268440775562,2057.268440775562,0.0,0.0,0.0,0.0,0.0,0.0,2057.268440775562,South,Toys
2023-07-31,2055.4627796103914,1871.0688713086524,2227.5506554199474,2055.4627796103914,2055.4627796103914,0.0,0.0,0.0,0.0,0.0,0.0,2055.4627796103914,South,Toys
2023-08-31,2053.6571186324427,1883.4638895712144,2243.2525497720494,2053.6571186324427,2053.6571186324427,0.0,0.0,0.0,0.0,0.0,0.0,2053.6571186324427,South,Toys
2023-09-30,2051.9097046770653,1888.7125190610138,2236.114902919942,2051.9097046770653,2051.9097046770653,0.0,0.0,0.0,0.0,0.0,0.0,2051.9097046770653,South,Toys
2023-10-31,2050.1040431167494,1880.088513986495,2223.497221799431,2050.1040431167494,2050.1040431167494,0.0,0.0,0.0,0.0,0.0,0.0,2050.1040431167494,South,Toys
2023-11-30,2048.3566287035405,1866.130623628833,2211.122162922989,2048.3566287035405,2048.3566287035405,0.0,0.0,0.0,0.0,0.0,0.0,2048.3566287035405,South,Toys
2023-12-31,2046.5509671432246,1869.365240574889,2217.7929061251175,2046.5509671432246,2046.5509671432246,0.0,0.0,0.0,0.0,0.0,0.0,2046.5509671432246,South,Toys
2024-01-31,2044.7453055829087,1863.1223550697375,2231.0173696901657,2044.7453040826454,2044.745307144626,0.0,0.0,0.0,0.0,0.0,0.0,2044.7453055829087,South,Toys
2024-02-29,2043.0561383168067,1874.3445519104619,2218.871163293007,2043.0561329191378,2043.0561433266455,0.0,0.0,0.0,0.0,0.0,0.0,2043.0561383168067,South,Toys
2024-03-31,2041.2504767564908,1865.5167714771558,2203.5792317442006,2041.2504666731431,2041.250486878254,0.0,0.0,0.0,0.0,0.0,0.0,2041.2504767564908,South,Toys
2024-04-30,2039.5030623432817,1866.8339125863934,2211.4039633577504,2039.5030461967153,2039.5030783406298,0.0,0.0,0.0,0.0,0.0,0.0,2039.5030623432817,South,Toys
2024-05-31,2037.6974007829658,1871.6801854019614,2212.8935618129035,2037.6973776602988,2037.6974238741373,0.0,0.0,0.0,0.0,0.0,0.0,2037.6974007829658,South,Toys
2024-06-30,2035.949986369757,1876.0011633385625,2219.2656648289753,2035.949954958738,2035.9500166311573,0.0,0.0,0.0,0.0,0.0,0.0,2035.949986369757,South,Toys
2023-01-31,2107.964115,1915.1498044305147,2304.341499073239,2107.964115,2107.964115,0.0,0.0,0.0,0.0,0.0,0.0,2107.964115,West,Clothing
2023-02-28,2102.382679796407,1920.562739939922,2293.147705392598,2102.382679796407,2102.382679796407,0.0,0.0,0.0,0.0,0.0,0.0,2102.382679796407,West,Clothing
2023-03-31,2096.2032331386667,1897.0813407691908,2282.6994429284246,2096.2032331386667,2096.2032331386667,0.0,0.0,0.0,0.0,0.0,0.0,2096.2032331386667,West,Clothing
2023-04-30,2090.2231232309073,1916.0002979067824,2273.6029716434464,2090.2231232309073,2090.2231232309073,0.0,0.0,0.0,0.0,0.0,0.0,2090.2231232309073,West,Clothing
2023-05-31,2084.043676071693,1896.6103377280394,2263.238856379185,2084.043676071693,2084.043676071693,0.0,0.0,0.0,0.0,0.0,0.0,2084.043676071693,West,Clothing
2023-06-30,2078.0635660844932,1889.2455582354094,2256.7931858244083,2078.0635660844932,2078.0635660844932,0.0,0.0,0.0,0.0,0.0,0.0,2078.0635660844932,West,Clothing
2023-07-31,2071.8841194121314,1880.2019717128483,2258.663141345334,2071.8841194121314,2071.8841194121314,0.0,0.0,0.0,0.0,0.0,0.0,2071.8841194121314,West,Clothing
2023-08-31,2065.704672061588,1872.397317856912,2254.216954639722,2065.704672061588,2065.704672061588,0.0,0.0,0.0,0.0,0.0,0.0,2065.704672061588,West,Clothing
2023-09-30,2059.722969379746,1873.2869695074385,2246.378953130135,2059.722969379746,2059.722969379746,0.0,0.0,0.0,0.0,0.0,0.0,2059.722969379746,West,Clothing
2023-10-31,2053.541876917706,1859.5831786328065,2241.3784778733784,2053.541876917706,2053.541876917706,0.0,0.0,0.0,0.0,0.0,0.0,2053.541876917706,West,Clothing
2023-11-30,2047.5601745350864,1857.5325066270277,2242.650307849768,2047.5601745350864,2047.5601745350864,0.0,0.0,0.0,0.0,0.0,0.0,2047.5601745350864,West,Clothing
2023-12-31,2041.3790820730462,1858.12517608021,2226.446457310951,2041.3790820730462,2041.3790820730462,0.0,0.0,0.0,0.0,0.0,0.0,2041.3790820730462,West,Clothing
2024-01-31,2035.1979896110063,1853.076761951826,2223.2565832079304,2035.197845483309,2035.1981220176237,0.0,0.0,0.0,0.0,0.0,0.0,2035.1979896110063,West,Clothing
2024-02-29,2029.4156773078073,1851.7859494657998,2220.610625819171,2029.4152319399082,2029.4160911237525,0.0,0.0,0.0,0.0,0.0,0.0,2029.4156773078073,West,Clothing
2024-03-31,2023.2345848457671,1822.7486356195925,2197.9887597642773,2023.2336792847532,2023.235359434182,0.0,0.0,0.0,0.0,0.0,0.0,2023.2345848457671,West,Clothing
2024-04-30,2017.252882463148,1837.5856731839854,2200.875856309432,2017.2514716291394,2017.2541558955731,0.0,0.0,0.0,0.0,0.0,0.0,2017.252882463148,West,Clothing
2024-05-31,2011.0717900011077,1835.5428026790448,2208.235815732851,2011.0698069045714,2011.0735689919068,0.0,0.0,0.0,0.0,0.0,0.0,2011.0717900011077,West,Clothing
2024-06-30,2005.090087618488,1822.055222282512,2172.1293396969036,2005.0875204023557,2005.0924600584897,0.0,0.0,0.0,0.0,0.0,0.0,2005.090087618488,West,Clothing
2023-01-31,2096.697343,1918.0221502703423,2292.3570450261946,2096.697343,2096.697343,0.0,0.0,0.0,0.0,0.0,0.0,2096.697343,West,Electronics
2023-02-28,2103.938579833533,1917.2785558445921,2296.212924374181,2103.938579833533,2103.938579833533,0.0,0.0,0.0,0.0,0.0,0.0,2103.938579833533,West,Electronics
2023-03-31,2111.955663764949,1925.8451722950028,2294.249459046589,2111.955663764949,2111.955663764949,0.0,0.0,0.0,0.0,0.0,0.0,2111.955663764949,West,Electronics
2023-04-30,2119.7141322895986,1937.6052898789712,2292.9374025975544,2119.7141322895986,2119.7141322895986,0.0,0.0,0.0,0.0,0.0,0.0,2119.7141322895986,West,Electronics
2023-05-31,2127.7312162048966,1947.471075351718,2314.2463290538853,2127.7312162048966,2127.7312162048966,0.0,0.0,0.0,0.0,0.0,0.0,2127.7312162048966,West,Electronics
2023-06-30,2135.4896843602573,1959.6067349333807,2303.6608651400975,2135.4896843602573,2135.4896843602573,0.0,0.0,0.0,0.0,0.0,0.0,2135.4896843602573,West,Electronics
2023-07-31,2143.506768045012,1955.9752976532354,2312.5115839408913,2143.506768045012,2143.506768045012,0.0,0.0,0.0,0.0,0.0,0.0,2143.506768045012,West,Electronics
2023-08-31,2151.523851779393,1959.6302757289168,2338.676423904086,2151.523851779393,2151.523851779393,0.0,0.0,0.0,0.0,0.0,0.0,2151.523851779393,West,Electronics
2023-09-30,2159.2823198985056,1972.310050936623,2344.914562468771,2159.2823198985056,2159.2823198985056,0.0,0.0,0.0,0.0,0.0,0.0,2159.2823198985056,West,Electronics
2023-10-31,2167.2994038449006,1988.2995887594282,2350.712436632233,2167.2994038449006,2167.2994038449006,0.0,0.0,0.0,0.0,0.0,0.0,2167.2994038449006,West,Electronics
2023-11-30,2175.0578721801216,1993.8027285838516,2354.6770472046105,2175.0578721801216,2175.0578721801216,0.0,0.0,0.0,0.0,0.0,0.0,2175.0578721801216,West,Electronics
2023-12-31,2183.074956126517,1989.5765989424174,2351.2588581987707,2183.074956126517,2183.074956126517,0.0,0.0,0.0,0.0,0.0,0.0,2183.074956126517,West,Electronics
2024-01-31,2191.092040072912,2003.2439364436682,2378.711386092658,2191.092038617255,2191.092041801565,0.0,0.0,0.0,0.0,0.0,0.0,2191.092040072912,West,Electronics
2024-02-29,2198.591892796959,2009.7774702007614,2383.861640362849,2198.591887867999,2198.591898383933,0.0,0.0,0.0,0.0,0.0,0.0,2198.591892796959,West,Electronics
2024-03-31,2206.608976743354,2023.9433181408406,2367.0424252808066,2206.608966603191,2206.6089875440857,0.0,0.0,0.0,0.0,0.0,0.0,2206.608976743354,West,Electronics
2024-04-30,2214.367445078575,2040.883073822492,2402.8568426590036,2214.3674300297403,2214.367462545683,0.0,0.0,0.0,0.0,0.0,0.0,2214.367445078575,West,Electronics
2024-05-31,2222.38452902497,2032.205116657412,2394.1314466119397,2222.3845073565135,2222.384553380151,0.0,0.0,0.0,0.0,0.0,0.0,2222.38452902497,West,Electronics
2024-06-30,2230.142997360191,2041.176206469803,2400.9814629422253,2230.1429687348427,2230.143028674508,0.0,0.0,0.0,0.0,0.0,0.0,2230.142997360191,West,Electronics
2023-01-31,2073.704568,1921.0898372874844,2217.748474053527,2073.704568,2073.704568,0.0,0.0,0.0,0.0,0.0,0.0,2073.704568,West,Furniture
2023-02-28,2074.623071650299,1925.1840137339075,2227.3388501804397,2074.623071650299,2074.623071650299,0.0,0.0,0.0,0.0,0.0,0.0,2074.623071650299,West,Furniture
2023-03-31,2075.639985896242,1928.7999342940122,2226.3842013485005,2075.639985896242,2075.639985896242,0.0,0.0,0.0,0.0,0.0,0.0,2075.639985896242,West,Furniture
2023-04-30,2076.624096683395,1934.1311370536587,2228.773782723444,2076.624096683395,2076.624096683395,0.0,0.0,0.0,0.0,0.0,0.0,2076.624096683395,West,Furniture
2023-05-31,2077.6410118553786,1926.0410508104196,2217.9372396366593,2077.6410118553786,2077.6410118553786,0.0,0.0,0.0,0.0,0.0,0.0,2077.6410118553786,West,Furniture
2023-06-30,2078.6251230199578,1924.159568565353,2233.7362366445054,2078.6251230199578,2078.6251230199578,0.0,0.0,0.0,0.0,0.0,0.0,2078.6251230199578,West,Furniture
2023-07-31,2079.642038177298,1931.4313320156348,2244.421537742502,2079.642038177298,2079.642038177298,0.0,0.0,0.0,0.0,0.0,0.0,2079.642038177298,West,Furniture
2023-08-31,2080.6607444789715,1927.8858904305669,2240.8734847426635,2080.6607444789715,2080.6607444789715,0.0,0.0,0.0,0.0,0.0,0.0,2080.6607444789715,West,Furniture
2023-09-30,2081.6465891929347,1931.0154502521013,2233.762860916828,2081.6465891929347,2081.6465891929347,0.0,0.0,0.0,0.0,0.0,0.0,2081.6465891929347,West,Furniture
2023-10-31,2082.665295882146,1929.7369337217858,2231.5924522097753,2082.665295882146,2082.665295882146,0.0,0.0,0.0,0.0,0.0,0.0,2082.665295882146,West,Furniture
2023-11-30,2083.651141065254,1940.1141219237415,2240.189907118347,2083.651141065254,2083.651141065254,0.0,0.0,0.0,0.0,0.0,0.0,2083.651141065254,West,Furniture
2023-12-31,2084.6698477544655,1931.9900048543254,2231.532245792581,2084.6698477544655,2084.6698477544655,0.0,0.0,0.0,0.0,0.0,0.0,2084.6698477544655,West,Furniture
2024-01-31,2085.688554443677,1926.4901612779265,2233.130393686748,2085.6884236903866,2085.688700481677,0.0,0.0,0.0,0.0,0.0,0.0,2085.688554443677,West,Furniture
2024-02-29,2086.641538120681,1933.4534216185477,2239.724681582228,2086.6411129467906,2086.642004320987,0.0,0.0,0.0,0.0,0.0,0.0,2086.641538120681,West,Furniture
2024-03-31,2087.660244809893,1941.0610353367088,2235.671085561419,2087.6594211482234,2087.6611424795756,0.0,0.0,0.0,0.0,0.0,0.0,2087.660244809893,West,Furniture
2024-04-30,2088.6460899930003,1932.443142140148,2232.300143680932,2088.6448178063006,2088.6474748802884,0.0,0.0,0.0,0.0,0.0,0.0,2088.6460899930003,West,Furniture
2024-05-31,2089.664796682212,1941.677678050858,2231.2804153381594,2089.6629035199385,2089.6667696265126,0.0,0.0,0.0,0.0,0.0,0.0,2089.664796682212,West,Furniture
2024-06-30,2090.65064186532,1950.43945700701,2249.2711493985094,2090.648098789202,2090.6533254188325,0.0,0.0,0.0,0.0,0.0,0.0,2090.65064186532,West,Furniture
2023-01-31,2094.3160159999998,1961.4335785785229,2221.8295663371537,2094.3160159999998,2094.3160159999998,0.0,0.0,0.0,0.0,0.0,0.0,2094.3160159999998,West,Sports
2023-02-28,2089.9885947568864,1968.8581752740283,2221.076094253901,2089.9885947568864,2089.9885947568864,0.0,0.0,0.0,0.0,0.0,0.0,2089.9885947568864,West,Sports
2023-03-31,2085.1975212804587,1948.1579556551562,2218.537672496134,2085.1975212804587,2085.1975212804587,0.0,0.0,0.0,0.0,0.0,0.0,2085.1975212804587,West,Sports
2023-04-30,2080.5609985126403,1948.2725982829054,2210.5884831896883,2080.5609985126403,2080.5609985126403,0.0,0.0,0.0,0.0,0.0,0.0,2080.5609985126403,West,Sports
2023-05-31,2075.7699249806865,1952.4727439451424,2204.956102363989,2075.7699249806865,2075.7699249806865,0.0,0.0,0.0,0.0,0.0,0.0,2075.7699249806865,West,Sports
2023-06-30,2071.1334022403253,1946.2865318118209,2195.4910837795014,2071.1334022403253,2071.1334022403253,0.0,0.0,0.0,0.0,0.0,0.0,2071.1334022403253,West,Sports
2023-07-31,2066.34232877477,1932.0641693598764,2196.4765421749025,2066.34232877477,2066.34232877477,0.0,0.0,0.0,0.0,0.0,0.0,2066.34232877477,West,Sports
2023-08-31,2061.5512549651326,1936.162501939341,2194.6181248390676,2061.5512549651326,2061.5512549651326,0.0,0.0,0.0,0.0,0.0,0.0,2061.5512549651326,West,Sports
2023-09-30,2056.909078737533,1930.1672722042533,2189.41865374568,2056.909078737533,2056.909078737533,0.0,0.0,0.0,0.0,0.0,0.0,2056.909078737533,West,Sports
2023-10-31,2052.0900565965476,1917.8320584363191,2174.2742433471776,2052.0900565965476,2052.0900565965476,0.0,0.0,0.0,0.0,0.0,0.0,2052.0900565965476,West,Sports
2023-11-30,2047.4264867826905,1916.5191098533223,2182.6353545947663,2047.4264867826905,2047.4264867826905,0.0,0.0,0.0,0.0,0.0,0.0,2047.4264867826905,West,Sports
2023-12-31,2042.607464641705,1917.6941142124135,2163.479222001433,2042.607464641705,2042.607464641705,0.0,0.0,0.0,0.0,0.0,0.0,2042.607464641705,West,Sports
2024-01-31,2037.7884425007194,1911.3974026572987,2167.5998282585715,2037.786065747679,2037.790484064433,0.0,0.0,0.0,0.0,0.0,0.0,2037.7884425007194,West,Sports
2024-02-29,2033.2803250139912,1898.7085302117575,2159.804011280171,2033.2723247060314,2033.2872677911432,0.0,0.0,0.0,0.0,0.0,0.0,2033.2803250139912,West,Sports
2024-03-31,2028.4613028730053,1895.5480496813873,2160.5959313870035,2028.4457393847313,2028.4748292515794,0.0,0.0,0.0,0.0,0.0,0.0,2028.4613028730053,West,Sports
2024-04-30,2023.7977330591484,1890.7937673862168,2149.595040480049,2023.7734366968757,2023.8189069074174,0.0,0.0,0.0,0.0,0.0,0.0,2023.7977330591484,West,Sports
2024-05-31,2018.9787109181627,1883.951327414637,2152.4763739878726,2018.9454677066205,2019.0086797393299,0.0,0.0,0.0,0.0,0.0,0.0,2018.9787109181627,West,Sports
2024-06-30,2014.315141104306,1882.2145873080574,2146.4979901522165,2014.2710173817106,2014.3563316594834,0.0,0.0,0.0,0.0,0.0,0.0,2014.315141104306,West,Sports
2023-01-31,2213.320849,2083.2494304035877,2343.6917831489973,2213.320849,2213.320849,0.0,0.0,0.0,0.0,0.0,0.0,2213.320849,West,Toys
2023-02-28,2197.088481372455,2068.4473802624075,2331.8685898910685,2197.088481372455,2197.088481372455,0.0,0.0,0.0,0.0,0.0,0.0,2197.088481372455,West,Toys
2023-03-31,2179.116933603692,2047.8395978577503,2316.795846479637,2179.116933603692,2179.116933603692,0.0,0.0,0.0,0.0,0.0,0.0,2179.116933603692,West,Toys
2023-04-30,2161.7251115426325,2032.071499823951,2302.3124798230665,2161.7251115426325,2161.7251115426325,0.0,0.0,0.0,0.0,0.0,0.0,2161.7251115426325,West,Toys
2023-05-31,2143.7535622013015,2011.724903649192,2284.7830431165894,2143.7535622013015,2143.7535622013015,0.0,0.0,0.0,0.0,0.0,0.0,2143.7535622013015,West,Toys
2023-06-30,2126.3617233819195,1975.2307254606753,2256.662342941089,2126.3617233819195,2126.3617233819195,0.0,0.0,0.0,0.0,0.0,0.0,2126.3617233819195,West,Toys
2023-07-31,2108.3901582691237,1965.221712823699,2249.835974502747,2108.3901582691237,2108.3901582691237,0.0,0.0,0.0,0.0,0.0,0.0,2108.3901582691237,West,Toys
2023-08-31,2090.418594837073,1959.220550928142,2228.2288100343703,2090.418594837073,2090.418594837073,0.0,0.0,0.0,0.0,0.0,0.0,2090.418594837073,West,Toys
2023-09-30,2073.0267596468075,1935.577512507649,2212.230291304815,2073.0267596468075,2073.0267596468075,0.0,0.0,0.0,0.0,0.0,0.0,2073.0267596468075,West,Toys
2023-10-31,2055.055198868074,1921.7079933074108,2186.6496268890396,2055.055198868074,2055.055198868074,0.0,0.0,0.0,0.0,0.0,0.0,2055.055198868074,West,Toys
2023-11-30,2037.663365856397,1903.678359891275,2180.8393587739456,2037.663365856397,2037.663365856397,0.0,0.0,0.0,0.0,0.0,0.0,2037.663365856397,West,Toys
2023-12-31,2019.691805077664,1878.7280313230854,2142.281884054673,2019.691805077664,2019.691805077664,0.0,0.0,0.0,0.0,0.0,0.0,2019.691805077664,West,Toys
2024-01-31,2001.7202442989308,1868.6627275083638,2140.14764475785,2001.7202409108259,2001.720247400191,0.0,0.0,0.0,0.0,0.0,0.0,2001.7202442989308,West,Toys
2024-02-29,1984.9081390543095,1851.5680252255743,2120.4137140128873,1984.90812766724,1984.9081495090293,0.0,0.0,0.0,0.0,0.0,0.0,1984.9081390543095,West,Toys
2024-03-31,1966.9365782755763,1826.5031303484961,2105.9193597768835,1966.9365552346017,1966.9365997538957,0.0,0.0,0.0,0.0,0.0,0.0,1966.9365782755763,West,Toys
2024-04-30,1949.5447452638991,1821.0198635321829,2090.6662750836595,1949.5447082149476,1949.5447802381634,0.0,0.0,0.0,0.0,0.0,0.0,1949.5447452638991,West,Toys
2024-05-31,1931.573184485166,1804.6170184634846,2075.135890818002,1931.5731312434832,1931.5732334291104,0.0,0.0,0.0,0.0,0.0,0.0,1931.573184485166,West,Toys
2024-06-30,1914.1813514734886,1776.7237171584313,2049.68876493608,1914.181282817165,1914.1814149952977,0.0,0.0,0.0,0.0,0.0,0.0,1914.1813514734886,West,Toys
